-- Data for unit tests

-- job_definition
Insert into VBATCH.JOB_DEFINITION (ID,ORDER_NUM,SHORT_DESC,LONG_DESC) values (1000,1000,'u1','Unit Test 1');
Insert into VBATCH.JOB_DEFINITION (ID,ORDER_NUM,SHORT_DESC,LONG_DESC) values (1001,1001,'u2','Unit Test 2');
Insert into VBATCH.JOB_DEFINITION (ID,ORDER_NUM,SHORT_DESC,LONG_DESC) values (1002,1002,'u3','Unit Test 3');

-- Steps


Insert into VBATCH.STEPS (ID,TYPE,SHORT_DESC,LONG_DESC,CLASS_PATH,PARAM1,PARAM2,PARAM3,EXTRACT_MAX_REC,EXTRACT_MAX_REC_PER_FILE,EXTRACT_COMMIT_FREQ,EXTRACT_SQL,OUTPUT_FILE_FORMAT,OUTPUT_FILENAME_PREFIX,OUTPUT_FILENAME_POSTFIX) values (1000,'Extract','u1','Extract test data','com.vco.ExtractDBStep',null,null,null,100,null,100,'select  ptt.tran_nbr PK1,ptt.seq_nbr PK2, ptt.create_date_time ok1,  ptt.tran_type, ptt.tran_nbr, ptt.seq_nbr, ptt.create_date_time, ptt.whse, ptt.sku_id, ptt.cntr_nbr, ptt.wave_nbr, ptt.pkt_ctrl_nbr, ptt.pkt_seq_nbr from prod_trkg_tran ptt WHERE 1=1 /* where */  order by ptt.create_date_time,ptt.tran_nbr,ptt.seq_nbr',null,null,null);
Insert into VBATCH.STEPS (ID,TYPE,SHORT_DESC,LONG_DESC,CLASS_PATH,PARAM1,PARAM2,PARAM3,EXTRACT_MAX_REC,EXTRACT_MAX_REC_PER_FILE,EXTRACT_COMMIT_FREQ,EXTRACT_SQL,OUTPUT_FILE_FORMAT,OUTPUT_FILENAME_PREFIX,OUTPUT_FILENAME_POSTFIX) values (1001,'CSV','u1','Generate CSV','com.vco.GenerateCSVStep',null,null,null,null,50,null,null,'csv','u1_b{batch_num}_{dt}_{seq}.csv',null);
Insert into VBATCH.STEPS (ID,TYPE,SHORT_DESC,LONG_DESC,CLASS_PATH,PARAM1,PARAM2,PARAM3,EXTRACT_MAX_REC,EXTRACT_MAX_REC_PER_FILE,EXTRACT_COMMIT_FREQ,EXTRACT_SQL,OUTPUT_FILE_FORMAT,OUTPUT_FILENAME_PREFIX,OUTPUT_FILENAME_POSTFIX) values (1002,'TRG','u1','Generate TRG','com.vco.GenerateTRGStep',null,null,null,null,null,null,null,null,null,null);
Insert into VBATCH.STEPS (ID,TYPE,SHORT_DESC,LONG_DESC,CLASS_PATH,PARAM1,PARAM2,PARAM3,EXTRACT_MAX_REC,EXTRACT_MAX_REC_PER_FILE,EXTRACT_COMMIT_FREQ,EXTRACT_SQL,OUTPUT_FILE_FORMAT,OUTPUT_FILENAME_PREFIX,OUTPUT_FILENAME_POSTFIX) values (1003,'Extract','u2','Simulated VAS GM','com.vco.ExtractDBStep',null,null,null,100,null,100,'select OK1,PK1,PK2, OK1 as create_date_time, PK1 as tran_nbr, PK2 as seq_nbr,F1,F2,F3,F4,F5,F6,F7,F8,F9,F10,F11,F12,F13,F14,F15,F16,F17,F18,F19,F20,F21,F22,F23,F24,F25,F26,F27,F28,F29,F30,F31,F32,F33,F34,F35,F36,F37,F38,F39,F40,F41,F42,F43,F44,F45 from test_table_1 where 1=1 /* where */  order by ok1,pk1,pk2;',null,null,null);
Insert into VBATCH.STEPS (ID,TYPE,SHORT_DESC,LONG_DESC,CLASS_PATH,PARAM1,PARAM2,PARAM3,EXTRACT_MAX_REC,EXTRACT_MAX_REC_PER_FILE,EXTRACT_COMMIT_FREQ,EXTRACT_SQL,OUTPUT_FILE_FORMAT,OUTPUT_FILENAME_PREFIX,OUTPUT_FILENAME_POSTFIX) values (1004,'CSV','u2','Generate CSV','com.vco.GenerateCSVStep',null,null,null,null,50,null,null,'csv','u1_b{batch_num}_{dt}_{seq}.csv',null);
Insert into VBATCH.STEPS (ID,TYPE,SHORT_DESC,LONG_DESC,CLASS_PATH,PARAM1,PARAM2,PARAM3,EXTRACT_MAX_REC,EXTRACT_MAX_REC_PER_FILE,EXTRACT_COMMIT_FREQ,EXTRACT_SQL,OUTPUT_FILE_FORMAT,OUTPUT_FILENAME_PREFIX,OUTPUT_FILENAME_POSTFIX) values (1005,'TRG','u2','Generate TRG','com.vco.GenerateTRGStep',null,null,null,null,null,null,null,null,null,null);

-- job_steps_xref
Insert into VBATCH.JOB_STEPS_XREF (ID,JOB_DEFINITION_ID,STEP_ID,JOB_STEP_SEQ,SPECIAL_MODE) values (1000,1000,1000,1,null);
Insert into VBATCH.JOB_STEPS_XREF (ID,JOB_DEFINITION_ID,STEP_ID,JOB_STEP_SEQ,SPECIAL_MODE) values (1001,1000,1001,2,null);
Insert into VBATCH.JOB_STEPS_XREF (ID,JOB_DEFINITION_ID,STEP_ID,JOB_STEP_SEQ,SPECIAL_MODE) values (1002,1000,1002,3,null);
Insert into VBATCH.JOB_STEPS_XREF (ID,JOB_DEFINITION_ID,STEP_ID,JOB_STEP_SEQ,SPECIAL_MODE) values (1003,1001,1003,1,null);
Insert into VBATCH.JOB_STEPS_XREF (ID,JOB_DEFINITION_ID,STEP_ID,JOB_STEP_SEQ,SPECIAL_MODE) values (1004,1001,1004,2,null);
Insert into VBATCH.JOB_STEPS_XREF (ID,JOB_DEFINITION_ID,STEP_ID,JOB_STEP_SEQ,SPECIAL_MODE) values (1005,1001,1005,3,null);

COMMIT;
EXIT;